epoch,time,train/box_loss,train/cls_loss,train/dfl_loss,metrics/precision(B),metrics/recall(B),metrics/mAP50(B),metrics/mAP50-95(B),val/box_loss,val/cls_loss,val/dfl_loss,lr/pg0,lr/pg1,lr/pg2
1,79.2984,1.27858,9.0956,1.51979,0.47728,0.31973,0.33231,0.15705,1.16029,7.26162,1.4785,0.0802822,0.00019917,0.00019917
2,155.905,1.15595,6.74655,1.39983,0.46954,0.38967,0.40833,0.19153,1.12708,8.50944,1.446,0.0604795,0.000396536,0.000396536
3,231.709,1.09679,6.07768,1.35559,0.6469,0.45823,0.51846,0.25283,1.08446,5.40571,1.37541,0.0406742,0.000591261,0.000591261
4,307.822,1.08169,5.5976,1.3482,0.61756,0.50525,0.5431,0.28118,1.05558,5.08322,1.37273,0.0208663,0.000783347,0.000783347
5,384.051,1.06904,5.25478,1.33463,0.7011,0.59086,0.67174,0.36155,1.00909,4.65046,1.33801,0.00105578,0.000972792,0.000972792
6,460.805,1.03727,4.87225,1.30322,0.67147,0.6086,0.6738,0.35908,1.00985,4.55556,1.29923,0.000967,0.000967,0.000967
7,536.674,1.02811,4.68724,1.29373,0.71841,0.68087,0.72439,0.39076,0.97819,4.14749,1.29066,0.0009604,0.0009604,0.0009604
8,612.58,1.01132,4.4909,1.29192,0.67437,0.74739,0.76206,0.42876,0.96687,3.91168,1.28587,0.0009538,0.0009538,0.0009538
9,688.384,1.00595,4.30555,1.2833,0.7212,0.71075,0.76115,0.42748,0.95668,3.81353,1.29413,0.0009472,0.0009472,0.0009472
10,765.141,0.98855,4.13865,1.27271,0.63678,0.77667,0.7783,0.44794,0.92377,3.49296,1.24961,0.0009406,0.0009406,0.0009406
11,841.099,0.96671,4.00268,1.25722,0.7737,0.73886,0.80145,0.46989,0.90738,3.54891,1.24465,0.000934,0.000934,0.000934
12,916.965,0.95421,3.80462,1.24251,0.80279,0.82871,0.85974,0.50564,0.89584,3.21596,1.22526,0.0009274,0.0009274,0.0009274
13,992.934,0.94575,3.73209,1.23036,0.83746,0.7844,0.84777,0.50408,0.87964,3.17437,1.20947,0.0009208,0.0009208,0.0009208
14,1068.9,0.93403,3.6105,1.21641,0.84875,0.80143,0.86031,0.52235,0.89071,3.10978,1.21004,0.0009142,0.0009142,0.0009142
15,1144.81,0.91571,3.43995,1.21167,0.80955,0.81404,0.86803,0.53019,0.86131,2.94328,1.19633,0.0009076,0.0009076,0.0009076
16,1220.91,0.91073,3.40527,1.20168,0.85121,0.85668,0.89927,0.5561,0.85172,2.88595,1.18516,0.000901,0.000901,0.000901
17,1297.05,0.88347,3.25428,1.17819,0.86183,0.86671,0.90714,0.56672,0.83294,2.87945,1.17001,0.0008944,0.0008944,0.0008944
18,1372.91,0.87867,3.25219,1.18325,0.86158,0.83878,0.90358,0.57514,0.81613,2.77045,1.15204,0.0008878,0.0008878,0.0008878
19,1448.9,0.86607,3.19181,1.1683,0.88702,0.84714,0.91041,0.59262,0.79424,2.66255,1.14194,0.0008812,0.0008812,0.0008812
20,1524.83,0.85232,3.07776,1.15704,0.89161,0.87785,0.93377,0.614,0.78901,2.61564,1.12635,0.0008746,0.0008746,0.0008746
21,1600.85,0.84347,3.05313,1.15518,0.90753,0.87582,0.93977,0.62413,0.76908,2.48444,1.11258,0.000868,0.000868,0.000868
22,1676.82,0.83732,2.97836,1.13955,0.89144,0.85817,0.91939,0.60632,0.76729,2.5124,1.11756,0.0008614,0.0008614,0.0008614
23,1752.82,0.82585,2.9448,1.13968,0.89931,0.87257,0.92845,0.61893,0.77932,2.48954,1.12562,0.0008548,0.0008548,0.0008548
24,1828.66,0.80155,2.867,1.12101,0.94314,0.90308,0.95204,0.64244,0.74837,2.38146,1.1004,0.0008482,0.0008482,0.0008482
25,1904.74,0.8092,2.85275,1.12427,0.92087,0.92837,0.96144,0.63766,0.75059,2.39515,1.11204,0.0008416,0.0008416,0.0008416
26,1980.76,0.80026,2.8096,1.11818,0.94342,0.92159,0.95651,0.64827,0.72621,2.33702,1.07442,0.000835,0.000835,0.000835
27,2056.89,0.79245,2.73738,1.10411,0.89365,0.93303,0.94998,0.66001,0.69697,2.21799,1.06848,0.0008284,0.0008284,0.0008284
28,2133.12,0.77132,2.68016,1.0967,0.92635,0.91394,0.9522,0.66632,0.68523,2.20494,1.05682,0.0008218,0.0008218,0.0008218
29,2209.98,0.7651,2.65642,1.09709,0.96321,0.91638,0.96499,0.67759,0.69715,2.20728,1.06429,0.0008152,0.0008152,0.0008152
30,2286.98,0.74846,2.62054,1.08687,0.94225,0.91317,0.95621,0.67112,0.69119,2.21592,1.0552,0.0008086,0.0008086,0.0008086
31,2363.46,0.74817,2.60887,1.08423,0.93658,0.93081,0.96691,0.68127,0.71333,2.21921,1.0681,0.000802,0.000802,0.000802
32,2439.62,0.7584,2.64252,1.09259,0.92776,0.88495,0.95379,0.68409,0.67338,2.15966,1.04667,0.0007954,0.0007954,0.0007954
33,2515.68,0.74398,2.54002,1.07898,0.95397,0.93858,0.97291,0.70211,0.66523,2.08766,1.04723,0.0007888,0.0007888,0.0007888
34,2591.88,0.73176,2.52155,1.07709,0.93654,0.91423,0.96626,0.68435,0.67017,2.1399,1.04903,0.0007822,0.0007822,0.0007822
35,2668.07,0.72671,2.4794,1.0653,0.93259,0.94843,0.97091,0.70923,0.64189,2.06088,1.02549,0.0007756,0.0007756,0.0007756
36,2744.41,0.71341,2.44835,1.05612,0.96901,0.93316,0.97165,0.70658,0.64631,2.05559,1.02921,0.000769,0.000769,0.000769
37,2820.76,0.70154,2.41722,1.05217,0.93523,0.94968,0.97417,0.7059,0.64008,2.04579,1.0199,0.0007624,0.0007624,0.0007624
38,2897.26,0.70341,2.41441,1.05162,0.94626,0.9288,0.96513,0.70238,0.63354,2.01855,1.0213,0.0007558,0.0007558,0.0007558
39,2973.64,0.70487,2.38403,1.05206,0.9678,0.93708,0.97904,0.72599,0.61538,1.94478,1.00789,0.0007492,0.0007492,0.0007492
40,3050.1,0.69668,2.35938,1.04492,0.96177,0.94233,0.97818,0.73989,0.60302,1.91078,1.00108,0.0007426,0.0007426,0.0007426
41,3127.04,0.68489,2.332,1.0347,0.97325,0.93255,0.97812,0.73498,0.59399,1.88134,0.9955,0.000736,0.000736,0.000736
42,3203.21,0.67412,2.2828,1.03197,0.96018,0.91964,0.97039,0.73224,0.59897,1.89953,0.99525,0.0007294,0.0007294,0.0007294
43,3279.56,0.66632,2.2523,1.02523,0.96618,0.95547,0.97997,0.74321,0.58468,1.87915,0.99073,0.0007228,0.0007228,0.0007228
44,3356.21,0.66425,2.25537,1.02436,0.96397,0.95648,0.98178,0.73611,0.58599,1.85465,0.98522,0.0007162,0.0007162,0.0007162
45,3432.52,0.65859,2.24096,1.02313,0.94499,0.9502,0.97891,0.74674,0.58386,1.84919,0.98282,0.0007096,0.0007096,0.0007096
46,3510.6,0.64866,2.21737,1.01903,0.9704,0.93719,0.97474,0.74929,0.56702,1.80042,0.97646,0.000703,0.000703,0.000703
47,3588.91,0.65317,2.20978,1.01844,0.97532,0.9337,0.97263,0.73281,0.57348,1.83545,0.97919,0.0006964,0.0006964,0.0006964
48,3665.27,0.64294,2.20356,1.01929,0.97011,0.95169,0.97981,0.7434,0.56142,1.8116,0.97027,0.0006898,0.0006898,0.0006898
49,3742.04,0.64391,2.17238,1.01561,0.96079,0.94406,0.97268,0.74265,0.55945,1.80678,0.9678,0.0006832,0.0006832,0.0006832
50,3818.54,0.64566,2.20037,1.01555,0.97691,0.95671,0.98224,0.74993,0.55915,1.79261,0.97088,0.0006766,0.0006766,0.0006766
51,3895.05,0.64181,2.14683,1.00937,0.95603,0.95309,0.97766,0.73966,0.56327,1.78282,0.97524,0.00067,0.00067,0.00067
52,3971.89,0.62193,2.10146,1.00069,0.97717,0.95198,0.98442,0.7601,0.54142,1.73912,0.96132,0.0006634,0.0006634,0.0006634
53,4048.57,0.62426,2.10623,0.9999,0.96601,0.94984,0.98106,0.76004,0.54861,1.74468,0.95918,0.0006568,0.0006568,0.0006568
54,4124.9,0.61385,2.08093,0.99391,0.97164,0.95901,0.9828,0.76592,0.5344,1.69874,0.95426,0.0006502,0.0006502,0.0006502
55,4201.85,0.61407,2.0768,0.99355,0.94152,0.97293,0.98038,0.76222,0.52729,1.69534,0.94858,0.0006436,0.0006436,0.0006436
56,4278.17,0.60979,2.07739,0.99381,0.98275,0.96577,0.9857,0.76946,0.52853,1.69755,0.95187,0.000637,0.000637,0.000637
57,4355.2,0.60442,2.04972,0.98898,0.96166,0.96172,0.98288,0.75527,0.5367,1.72119,0.95121,0.0006304,0.0006304,0.0006304
58,4431.56,0.602,2.05295,0.98651,0.95374,0.94627,0.98135,0.7669,0.53351,1.7128,0.94562,0.0006238,0.0006238,0.0006238
59,4508.08,0.59659,2.02183,0.98473,0.97681,0.96261,0.98032,0.76886,0.52108,1.65756,0.94635,0.0006172,0.0006172,0.0006172
60,4584.65,0.59369,2.00977,0.98031,0.97059,0.95549,0.98069,0.77197,0.50911,1.61717,0.93819,0.0006106,0.0006106,0.0006106
61,4661.45,0.59039,1.99065,0.97825,0.96812,0.96671,0.98614,0.78079,0.51118,1.64984,0.9383,0.000604,0.000604,0.000604
62,4737.96,0.5916,1.97363,0.97883,0.96383,0.95991,0.98238,0.7776,0.51694,1.63732,0.94332,0.0005974,0.0005974,0.0005974
63,4814.45,0.58378,1.95547,0.97577,0.97438,0.95823,0.98088,0.78245,0.5021,1.61099,0.93065,0.0005908,0.0005908,0.0005908
64,4891.54,0.58024,1.94842,0.97286,0.97426,0.96409,0.98565,0.79947,0.5001,1.60857,0.93242,0.0005842,0.0005842,0.0005842
65,4968.47,0.57188,1.93552,0.97464,0.97093,0.9613,0.98377,0.78614,0.50666,1.62684,0.93186,0.0005776,0.0005776,0.0005776
66,5044.99,0.57399,1.94135,0.97292,0.98833,0.94576,0.98594,0.79467,0.5082,1.61468,0.93792,0.000571,0.000571,0.000571
67,5122,0.56931,1.92024,0.96819,0.9628,0.97243,0.98736,0.8011,0.48308,1.5717,0.92663,0.0005644,0.0005644,0.0005644
68,5198.65,0.56679,1.90614,0.96245,0.97254,0.97027,0.98711,0.79899,0.48566,1.56865,0.92372,0.0005578,0.0005578,0.0005578
69,5275.29,0.5599,1.88289,0.96267,0.97893,0.96767,0.98829,0.79764,0.4814,1.5599,0.92481,0.0005512,0.0005512,0.0005512
70,5351.34,0.55452,1.87945,0.96135,0.98484,0.96439,0.98947,0.8001,0.4802,1.53977,0.91988,0.0005446,0.0005446,0.0005446
71,5427.13,0.55374,1.87389,0.95948,0.98587,0.96489,0.98983,0.8071,0.47294,1.52219,0.91708,0.000538,0.000538,0.000538
72,5502.95,0.54757,1.84806,0.95312,0.99012,0.96074,0.99082,0.80122,0.47156,1.50423,0.91396,0.0005314,0.0005314,0.0005314
73,5578.25,0.55581,1.85177,0.96085,0.98264,0.95454,0.98404,0.80297,0.4716,1.51851,0.91654,0.0005248,0.0005248,0.0005248
74,5653.95,0.55452,1.86487,0.95867,0.97193,0.96619,0.98261,0.79899,0.47319,1.52219,0.91535,0.0005182,0.0005182,0.0005182
75,5729.49,0.53877,1.81955,0.94891,0.97226,0.97182,0.98662,0.80674,0.4616,1.49344,0.90957,0.0005116,0.0005116,0.0005116
76,5805.17,0.54731,1.84541,0.95261,0.98194,0.96871,0.9897,0.81088,0.4662,1.48565,0.91254,0.000505,0.000505,0.000505
77,5880.7,0.5331,1.77897,0.94449,0.9772,0.97595,0.98941,0.81205,0.45673,1.49229,0.91002,0.0004984,0.0004984,0.0004984
78,5956.34,0.53026,1.78493,0.94485,0.98532,0.96063,0.9864,0.80358,0.46016,1.48258,0.91278,0.0004918,0.0004918,0.0004918
79,6032.04,0.54092,1.82074,0.94696,0.98615,0.96889,0.98883,0.81424,0.45355,1.47787,0.90759,0.0004852,0.0004852,0.0004852
80,6107.74,0.53021,1.78803,0.94766,0.97318,0.96053,0.98672,0.80386,0.46643,1.49077,0.91202,0.0004786,0.0004786,0.0004786
81,6183.2,0.52729,1.77117,0.94519,0.98615,0.96568,0.98767,0.8125,0.44889,1.47248,0.90194,0.000472,0.000472,0.000472
82,6258.92,0.52078,1.76444,0.93887,0.98048,0.97528,0.98884,0.82133,0.4402,1.44478,0.89993,0.0004654,0.0004654,0.0004654
83,6334.58,0.52383,1.76141,0.94373,0.9755,0.97676,0.98811,0.81897,0.44385,1.46075,0.89878,0.0004588,0.0004588,0.0004588
84,6410.31,0.51992,1.75043,0.9386,0.9709,0.97626,0.9896,0.81391,0.44814,1.45765,0.90282,0.0004522,0.0004522,0.0004522
85,6485.86,0.5202,1.73444,0.94219,0.98579,0.9648,0.98872,0.82258,0.43681,1.42717,0.89676,0.0004456,0.0004456,0.0004456
86,6561.55,0.51102,1.71794,0.93525,0.98669,0.96497,0.98697,0.8224,0.43265,1.42391,0.89367,0.000439,0.000439,0.000439
87,6637.1,0.50621,1.69893,0.93181,0.96919,0.97407,0.98819,0.81982,0.43339,1.41632,0.89377,0.0004324,0.0004324,0.0004324
88,6712.75,0.50769,1.71022,0.93516,0.97316,0.97031,0.98885,0.82242,0.43133,1.41435,0.8953,0.0004258,0.0004258,0.0004258
89,6788.29,0.50261,1.69139,0.92981,0.98085,0.97149,0.99018,0.82798,0.43206,1.41397,0.8936,0.0004192,0.0004192,0.0004192
90,6864,0.50332,1.68709,0.93328,0.98046,0.97447,0.98755,0.82088,0.43946,1.42351,0.89468,0.0004126,0.0004126,0.0004126
91,6939.78,0.49999,1.69396,0.92652,0.97689,0.97677,0.98758,0.82756,0.42945,1.401,0.88944,0.000406,0.000406,0.000406
92,7015.41,0.50215,1.69194,0.92757,0.97415,0.96849,0.98688,0.82327,0.43006,1.40716,0.8884,0.0003994,0.0003994,0.0003994
93,7091,0.49851,1.68109,0.92951,0.97365,0.9765,0.98845,0.82284,0.42322,1.3778,0.88923,0.0003928,0.0003928,0.0003928
94,7165.92,0.49523,1.67751,0.92717,0.97774,0.97966,0.98807,0.83264,0.41857,1.3742,0.88824,0.0003862,0.0003862,0.0003862
95,7240.68,0.50379,1.68382,0.93266,0.99293,0.97173,0.99049,0.83873,0.41753,1.36892,0.88604,0.0003796,0.0003796,0.0003796
96,7315.45,0.49443,1.6649,0.92742,0.98855,0.96478,0.98895,0.83619,0.41355,1.37384,0.88707,0.000373,0.000373,0.000373
97,7390.4,0.49648,1.66419,0.9285,0.98401,0.97895,0.98992,0.83818,0.41535,1.38226,0.88514,0.0003664,0.0003664,0.0003664
98,7465.38,0.48513,1.6367,0.92261,0.98652,0.96493,0.98539,0.83527,0.41142,1.3738,0.88228,0.0003598,0.0003598,0.0003598
99,7540.24,0.48581,1.63847,0.92233,0.98387,0.96901,0.98901,0.83059,0.41105,1.36948,0.88434,0.0003532,0.0003532,0.0003532
100,7615.99,0.48283,1.6149,0.9201,0.99463,0.96924,0.98845,0.82935,0.42045,1.38175,0.88599,0.0003466,0.0003466,0.0003466
101,7692.89,0.48922,1.64594,0.92728,0.98776,0.96663,0.98437,0.83631,0.4115,1.36401,0.88675,0.00034,0.00034,0.00034
102,7771.32,0.47869,1.61591,0.9162,0.98416,0.96946,0.98389,0.83635,0.41061,1.3572,0.88337,0.0003334,0.0003334,0.0003334
103,7847.91,0.47971,1.61923,0.92063,0.99344,0.97066,0.98904,0.83559,0.4083,1.35974,0.88084,0.0003268,0.0003268,0.0003268
104,7924.1,0.48094,1.61185,0.91759,0.98509,0.96699,0.98794,0.84001,0.40469,1.3235,0.87894,0.0003202,0.0003202,0.0003202
105,8000.22,0.46597,1.57167,0.91256,0.97558,0.97077,0.98786,0.84482,0.39455,1.30821,0.87506,0.0003136,0.0003136,0.0003136
106,8076.52,0.46898,1.57293,0.91399,0.97804,0.96986,0.98742,0.83851,0.39692,1.30156,0.87738,0.000307,0.000307,0.000307
107,8152.82,0.46445,1.57531,0.9119,0.99007,0.96618,0.98552,0.84386,0.39406,1.31954,0.87585,0.0003004,0.0003004,0.0003004
108,8229.1,0.47124,1.58416,0.91316,0.98164,0.96864,0.9847,0.84322,0.39681,1.30786,0.87636,0.0002938,0.0002938,0.0002938
109,8305.43,0.46604,1.56284,0.91382,0.98409,0.97296,0.98231,0.84836,0.39161,1.30189,0.87533,0.0002872,0.0002872,0.0002872
110,8381.82,0.46392,1.57168,0.91376,0.99478,0.9677,0.98663,0.84671,0.38782,1.28056,0.87455,0.0002806,0.0002806,0.0002806
111,8458.04,0.46088,1.55795,0.91257,0.99234,0.95807,0.98656,0.85123,0.38873,1.2935,0.87504,0.000274,0.000274,0.000274
112,8534.17,0.45939,1.54716,0.91064,0.97817,0.97089,0.98673,0.85406,0.38654,1.26756,0.87389,0.0002674,0.0002674,0.0002674
113,8610.63,0.46069,1.55424,0.91163,0.97879,0.97192,0.98649,0.85168,0.38636,1.28714,0.87047,0.0002608,0.0002608,0.0002608
114,8686.79,0.45367,1.53236,0.90683,0.98388,0.97048,0.98758,0.85337,0.38623,1.28129,0.87063,0.0002542,0.0002542,0.0002542
115,8762.84,0.45298,1.53731,0.90616,0.98182,0.97021,0.98639,0.85656,0.38376,1.26786,0.87046,0.0002476,0.0002476,0.0002476
116,8838.77,0.44943,1.52251,0.90712,0.97938,0.97224,0.98487,0.85451,0.38136,1.27565,0.87012,0.000241,0.000241,0.000241
117,8914.81,0.45122,1.51629,0.90523,0.97721,0.97056,0.98773,0.85447,0.37965,1.26755,0.87071,0.0002344,0.0002344,0.0002344
118,8990.87,0.44584,1.50613,0.9052,0.98249,0.98072,0.99015,0.85827,0.38373,1.26192,0.87112,0.0002278,0.0002278,0.0002278
119,9066.93,0.44516,1.49888,0.90339,0.99273,0.97128,0.98571,0.85891,0.38003,1.25424,0.86642,0.0002212,0.0002212,0.0002212
120,9143.13,0.43994,1.4892,0.90044,0.98603,0.97129,0.98431,0.85775,0.37918,1.24801,0.86733,0.0002146,0.0002146,0.0002146
121,9219.09,0.4375,1.48833,0.90105,0.98521,0.97133,0.98538,0.8598,0.37308,1.23902,0.8647,0.000208,0.000208,0.000208
122,9295.25,0.43765,1.48618,0.89972,0.98343,0.97118,0.98698,0.85732,0.37692,1.25678,0.86494,0.0002014,0.0002014,0.0002014
123,9371.3,0.43717,1.47922,0.90336,0.98408,0.97383,0.98658,0.86224,0.37691,1.2458,0.867,0.0001948,0.0001948,0.0001948
124,9447.43,0.43155,1.46829,0.89851,0.9864,0.97276,0.98423,0.8621,0.36996,1.23285,0.86557,0.0001882,0.0001882,0.0001882
125,9523.47,0.4281,1.46581,0.89717,0.98493,0.9742,0.98605,0.85925,0.37162,1.23786,0.8667,0.0001816,0.0001816,0.0001816
126,9599.41,0.4345,1.47285,0.89968,0.99673,0.96243,0.98517,0.858,0.37279,1.24469,0.86607,0.000175,0.000175,0.000175
127,9675.53,0.42024,1.44193,0.89076,0.98486,0.97251,0.98357,0.85934,0.37108,1.23731,0.86355,0.0001684,0.0001684,0.0001684
128,9751.67,0.42566,1.44433,0.89303,0.98312,0.9734,0.98329,0.86071,0.3634,1.21526,0.86378,0.0001618,0.0001618,0.0001618
129,9827.76,0.42874,1.45833,0.89701,0.98608,0.97131,0.98409,0.86016,0.36474,1.2204,0.86143,0.0001552,0.0001552,0.0001552
130,9904,0.42014,1.43495,0.89349,0.98485,0.97223,0.98748,0.8649,0.35832,1.20826,0.8604,0.0001486,0.0001486,0.0001486
131,9980.22,0.42338,1.43472,0.89465,0.99081,0.96812,0.98517,0.86458,0.36062,1.21795,0.86223,0.000142,0.000142,0.000142
132,10057.2,0.41851,1.42901,0.89179,0.99196,0.97035,0.98468,0.86193,0.3589,1.21213,0.86098,0.0001354,0.0001354,0.0001354
133,10133.5,0.42253,1.43188,0.89085,0.99486,0.97043,0.98496,0.86946,0.35607,1.20607,0.86094,0.0001288,0.0001288,0.0001288
134,10210.9,0.41391,1.42032,0.89099,0.9861,0.97296,0.98308,0.86948,0.35678,1.1913,0.85928,0.0001222,0.0001222,0.0001222
135,10287.9,0.42067,1.4302,0.89037,0.98795,0.97105,0.98333,0.86784,0.35732,1.19634,0.85854,0.0001156,0.0001156,0.0001156
136,10365.2,0.4104,1.40482,0.88833,0.98797,0.97093,0.98425,0.86759,0.35619,1.1963,0.85786,0.000109,0.000109,0.000109
137,10442.7,0.40896,1.40048,0.88843,0.98711,0.97181,0.98518,0.87302,0.3561,1.18872,0.85844,0.0001024,0.0001024,0.0001024
138,10519.4,0.41257,1.40644,0.88839,0.98373,0.97258,0.98529,0.87314,0.35281,1.18335,0.85722,9.58e-05,9.58e-05,9.58e-05
139,10595.4,0.41136,1.40644,0.88845,0.99083,0.97119,0.98489,0.87306,0.35257,1.1833,0.85769,8.92e-05,8.92e-05,8.92e-05
140,10671.3,0.40912,1.40068,0.88979,0.98796,0.97194,0.98408,0.8709,0.35339,1.18485,0.85924,8.26e-05,8.26e-05,8.26e-05
141,10757.8,0.34187,1.16437,0.84944,0.98917,0.97378,0.98436,0.86766,0.35777,1.20304,0.8611,7.6e-05,7.6e-05,7.6e-05
142,10833.6,0.33823,1.15815,0.85011,0.99163,0.97149,0.98468,0.87062,0.35111,1.184,0.85724,6.94e-05,6.94e-05,6.94e-05
143,10909.4,0.33297,1.14671,0.84642,0.98907,0.97118,0.98447,0.87269,0.3492,1.18006,0.85667,6.28e-05,6.28e-05,6.28e-05
144,10985.1,0.33308,1.13927,0.84926,0.98884,0.97126,0.98462,0.87352,0.34803,1.17697,0.85671,5.62e-05,5.62e-05,5.62e-05
145,11060.9,0.33448,1.14511,0.84511,0.987,0.96801,0.98477,0.87399,0.34698,1.16933,0.85495,4.96e-05,4.96e-05,4.96e-05
146,11136.9,0.32859,1.13176,0.8463,0.98782,0.97111,0.98429,0.87644,0.3459,1.16698,0.85428,4.3e-05,4.3e-05,4.3e-05
147,11212.8,0.32501,1.1253,0.84473,0.98791,0.97236,0.9846,0.8754,0.34534,1.16543,0.85458,3.64e-05,3.64e-05,3.64e-05
148,11288.5,0.32715,1.12536,0.84349,0.9874,0.97219,0.98462,0.87606,0.34265,1.16116,0.85414,2.98e-05,2.98e-05,2.98e-05
149,11364.2,0.32113,1.1105,0.84138,0.98728,0.97184,0.98473,0.8788,0.34088,1.15681,0.85308,2.32e-05,2.32e-05,2.32e-05
150,11439.9,0.32431,1.12296,0.84421,0.98746,0.9713,0.98493,0.87989,0.34113,1.15738,0.85327,1.66e-05,1.66e-05,1.66e-05
